,price,rating,brand,ram,ssd_storage,color,processor
0,75990.0,3.6,Hp,16,512,Silver,Intel
1,69990.0,3.2,Hp,16,512,Silver,Snapdragon
2,44999.0,4.0,Lenovo,8,512,Silver,Amd
3,69990.0,3.8,Dell,16,512,Gray,Intel
4,73990.0,4.8,Apple,8,256,Indigo,Unknown
5,73990.0,4.7,Apple,8,256,Silver,Unknown
6,65990.0,4.1,Asus,16,512,Blue,Intel
7,67990.0,4.0,Asus,16,512,Silver,Intel
8,84990.0,4.0,Hp,16,1024,Silver,Snapdragon
9,172490.0,4.7,Apple,16,1024,Unknown,Unknown
10,42990.0,4.2,Acer,16,512,Gray,Amd
11,44990.0,4.1,Acer,8,256,Silver,Amd
12,35690.0,3.4,Acer,16,256,Silver,Intel
13,35990.0,1.0,Acer,8,256,Silver,Intel
14,57490.0,3.9,Dell,8,512,Black,Intel
15,62490.0,4.0,Dell,16,512,Black,Intel
16,38700.0,2.8,Acer,8,512,Silver,Amd
17,82654.0,3.8,Lenovo,16,512,Gray,Unknown
18,29990.0,,Hp,4,512,Gray,Mediatek
19,50500.0,5.0,Hp,16,512,Silver,Intel
20,44990.0,4.2,Hp,12,512,Silver,Intel
21,69790.0,4.0,Hp,16,512,Silver,Amd
22,69990.0,3.2,Hp,16,512,Silver,Snapdragon
23,342490.0,4.6,Apple,24,2048,Silver,Unknown
24,194990.0,4.8,Apple,24,1024,Unknown,Unknown
25,69790.0,4.0,Hp,16,512,Silver,Amd
26,49450.0,4.1,Hp,8,512,Silver,Amd
27,64390.0,3.8,Acer,16,512,Silver,Intel
28,73990.0,4.8,Apple,8,256,Indigo,Unknown
29,61490.0,5.0,Hp,16,512,Silver,Intel
30,95990.0,4.1,Hp,6,512,Blue,Amd
31,54990.0,4.4,Lenovo,8,512,Gray,Amd
32,73990.0,4.7,Apple,8,256,Silver,Unknown
33,44990.0,5.0,Acer,8,256,Unknown,Amd
34,69999.0,3.8,Lenovo,16,512,Gray,Amd
35,84990.0,2.8,Lenovo,16,512,Gray,Intel
36,342490.0,4.5,Apple,24,1024,Silver,Unknown
37,58800.0,,Lenovo,16,512,Gray,Intel
38,60250.0,5.0,Acer,16,512,Silver,Intel
39,82990.0,4.2,Asus,16,512,Silver,Intel
40,32990.0,,Hp,4,512,gray,Mediatek
41,56900.0,5.0,Lenovo,16,512,Gray,Amd
42,85990.0,3.3,Hp,24,1024,Silver,Intel
43,58990.0,4.1,Asus,8,512,Silver,Intel
44,54058.0,4.6,Lenovo,8,512,Gray,Intel
45,24990.0,3.7,Asus,4,64,Blue,Mediatek
46,55990.0,4.1,Lenovo,8,512,Gray,Amd
47,69990.0,3.2,Hp,16,512,Silver,Snapdragon
48,342490.0,4.6,Apple,24,2048,Silver,Unknown
49,64390.0,3.8,Acer,16,512,Silver,Intel
50,85990.0,3.3,Hp,24,1024,Silver,Intel
51,37400.0,,Unknown,8,256,Unknown,Unknown
52,73990.0,4.8,Apple,8,256,Indigo,Unknown
53,79990.0,4.1,Hp,16,512,Silver,Snapdragon
54,58990.0,4.1,Asus,8,512,Silver,Intel
55,67400.0,3.9,Hp,16,512,Silver,Amd
56,54990.0,4.4,Lenovo,8,512,Gray,Amd
57,68490.0,3.9,Lenovo,16,512,Gray,Amd
58,24990.0,3.7,Asus,4,64,Blue,Mediatek
59,87990.0,4.2,Lenovo,24,1024,Gray,Intel
60,73990.0,4.7,Apple,8,256,Silver,Unknown
61,194990.0,4.8,Apple,24,1024,Unknown,Unknown
62,42999.0,3.2,Hp,8,512,Black,Intel
63,25640.0,5.0,Maxbook,8,256,Unknown,Unknown
64,68699.0,3.0,Hp,16,512,Silver,Intel
65,47990.0,3.8,Acer,8,512,Silver,Amd
66,39890.0,3.3,Acer,12,512,Silver,Intel
67,84990.0,4.0,Hp,16,1024,Silver,Snapdragon
68,67999.0,4.2,Lenovo,16,512,Gray,Amd
69,98990.0,3.7,Lenovo,16,512,Gray,Intel
70,56690.0,3.6,Lenovo,16,512,Gray,Amd
71,53490.0,,Lenovo,16,512,Gray,Amd
72,69990.0,3.2,Hp,16,512,Silver,Snapdragon
73,64390.0,3.8,Acer,16,512,Silver,Intel
74,342490.0,4.6,Apple,24,2048,Silver,Unknown
75,53490.0,,Lenovo,16,512,Gray,Amd
76,77990.0,3.0,Hp,16,512,Silver,Intel
77,73990.0,4.8,Apple,8,256,Indigo,Unknown
78,85990.0,4.0,Hp,16,1024,Silver,Snapdragon
79,31990.0,4.3,Primebook,8,512,Gray,Mediatek
80,66690.0,5.0,Dell,16,512,Unknown,Intel
81,54990.0,4.4,Lenovo,8,512,Gray,Amd
82,194990.0,4.8,Apple,24,1024,Unknown,Unknown
83,63990.0,4.1,Asus,16,512,Silver,Snapdragon
84,65990.0,3.9,Hp,16,1024,Silver,Intel
85,73990.0,4.7,Apple,8,256,Silver,Unknown
86,75990.0,3.6,Hp,16,512,Silver,Intel
87,62500.0,4.1,Hp,16,512,Silver,Intel
88,132990.0,4.0,Lenovo,6,512,Gray,Amd
89,70990.0,3.6,Lenovo,16,512,Gray,Intel
90,129990.0,4.1,Hp,8,1024,Silver,Intel
91,84990.0,2.8,Acer,32,1024,Unknown,Amd
92,54990.0,3.0,Hp,8,512,Silver,Amd
93,49990.0,4.0,Acer,8,512,Gray,Intel
94,61200.0,4.2,Lenovo,16,512,Gray,Amd
95,42032.0,1.0,Acer,8,512,Gray,Amd
96,48990.0,4.0,Acer,8,256,Gray,Intel
97,69990.0,3.2,Hp,16,512,Silver,Snapdragon
98,64390.0,3.8,Acer,16,512,Silver,Intel
99,342490.0,4.6,Apple,24,2048,Silver,Unknown
100,61200.0,4.2,Lenovo,16,512,Gray,Amd
101,42032.0,1.0,Acer,8,512,Gray,Amd
102,68490.0,3.9,Lenovo,16,512,Gray,Amd
103,54990.0,4.4,Lenovo,8,512,Gray,Amd
104,79589.0,,Lenovo,16,512,Gray,Intel
105,54990.0,,Asus,8,512,Black,Amd
106,73990.0,4.8,Apple,8,256,Indigo,Unknown
107,73990.0,4.7,Apple,8,256,Silver,Unknown
108,42990.0,4.5,Asus,8,128,Unknown,Mediatek
109,48990.0,4.0,Acer,8,256,Gray,Intel
110,79990.0,4.1,Hp,16,512,Silver,Snapdragon
111,84990.0,2.8,Lenovo,16,512,Gray,Intel
112,42999.0,3.8,Hp,16,256,Black,Amd
113,184990.0,4.4,Asus,8,512,Gray,Amd
114,249990.0,3.7,Asus,8,512,Gray,Intel
115,63990.0,3.6,Hp,16,512,Silver,Intel
116,69990.0,3.2,Hp,16,512,Silver,Snapdragon
117,24900.0,,Tech,4,128,Unknown,Unknown
118,57250.0,3.9,Lenovo,16,512,Gray,Amd
119,91700.0,3.3,Lenovo,16,512,Unknown,Amd
120,59800.0,,Lenovo,8,512,Gray,Intel
121,59990.0,4.1,Acer,16,512,Gray,Amd
122,69990.0,3.2,Hp,16,512,Silver,Snapdragon
123,342490.0,4.6,Apple,24,2048,Silver,Unknown
124,194990.0,4.8,Apple,24,1024,Unknown,Unknown
125,68480.0,5.0,Hp,16,512,Silver,Intel
126,482490.0,5.0,Lenovo,24,1024,Black,Intel
127,75990.0,3.6,Hp,16,512,Silver,Intel
128,156555.0,4.2,Alienware,8,1024,Indigo,Intel
129,43950.0,4.0,Hp,8,256,Silver,Amd
130,50031.0,,Hp,16,512,Silver,Intel
131,64390.0,3.8,Acer,16,512,Silver,Intel
132,81490.0,5.0,Dell,16,512,Unknown,Intel
133,149990.0,4.2,Hp,8,1024,Black,Intel
134,54650.0,3.8,Acer,8,512,Silver,Intel
135,73990.0,4.8,Apple,8,256,Indigo,Unknown
136,73490.0,2.5,Dell,8,512,Black,Intel
137,234454.0,,Hp,16,1024,Unknown,Intel
138,186990.0,,Hp,16,1024,Gray,Intel
139,89990.0,5.0,Hp,4,512,Silver,Intel
140,57990.0,,Lenovo,16,512,Gray,Amd
141,169890.0,3.6,Lenovo,16,1024,Gray,Amd
142,69990.0,4.0,Hp,16,512,Silver,Intel
143,85000.0,5.0,Hp,16,512,Gray,Intel
144,53280.0,4.1,Hp,16,512,Silver,Amd
145,68700.0,3.8,Lenovo,16,512,Gray,Intel
146,,4.2,Hp,6,512,Blue,Amd
147,69990.0,3.2,Hp,16,512,Silver,Snapdragon
148,342490.0,4.6,Apple,24,2048,Silver,Unknown
149,194990.0,4.8,Apple,24,1024,Unknown,Unknown
150,62350.0,3.8,Dell,16,512,Blue,Intel
151,85000.0,5.0,Hp,16,512,Gray,Intel
152,156555.0,4.2,Alienware,8,1024,Indigo,Intel
153,81490.0,5.0,Dell,16,512,Unknown,Intel
154,68700.0,3.8,Lenovo,16,512,Gray,Intel
155,319990.0,,Alienware,32,1024,Indigo,Intel
156,73490.0,2.5,Dell,8,512,Black,Intel
157,64390.0,3.8,Acer,16,512,Silver,Intel
158,53280.0,4.1,Hp,16,512,Silver,Amd
159,63990.0,,Hp,8,1024,Silver,Intel
160,68490.0,3.9,Lenovo,16,512,Gray,Amd
161,54990.0,4.4,Lenovo,8,512,Gray,Amd
162,82990.0,3.7,Dell,16,512,Silver,Intel
163,49400.0,4.0,Lenovo,8,512,Gray,Amd
164,52999.0,,Lenovo,16,512,Gray,Intel
165,56500.0,3.8,Dell,16,512,Black,Intel
166,59990.0,3.4,Dell,16,512,Silver,Amd
167,126790.0,4.5,Lenovo,16,1024,Gray,Intel
168,55780.0,,Hp,16,512,Silver,Amd
169,334990.0,4.3,Asus,128,1024,Black,Amd
170,531490.0,4.5,Alienware,24,2048,Unknown,Intel
171,290000.0,5.0,Lenovo,32,1024,Gray,Intel
172,69990.0,3.2,Hp,16,512,Silver,Snapdragon
173,342490.0,4.6,Apple,24,2048,Silver,Unknown
174,194990.0,4.8,Apple,24,1024,Unknown,Unknown
175,68990.0,5.0,Hp,16,512,Silver,Intel
176,124900.0,5.0,Lenovo,16,512,Black,Intel
177,73990.0,4.7,Apple,8,256,Silver,Unknown
178,73990.0,4.8,Apple,8,256,Indigo,Unknown
179,69990.0,3.9,Acer,16,512,Gray,Intel
180,41890.0,1.6,Acer,8,512,Black,Amd
181,64390.0,3.8,Acer,16,512,Silver,Intel
182,342490.0,4.5,Apple,24,1024,Silver,Unknown
183,82990.0,3.8,Hp,16,1024,Silver,Intel
184,89890.0,3.7,Lenovo,16,512,Gray,Intel
185,200490.0,4.7,Apple,16,1024,Silver,Unknown
186,68490.0,3.9,Lenovo,16,512,Gray,Amd
187,165000.0,4.3,Lenovo,8,1024,Gray,Intel
188,87990.0,4.7,Asus,4,512,Black,Amd
189,194990.0,4.8,Apple,24,1024,Blue,Unknown
190,141990.0,5.0,Dell,16,512,White,Intel
191,51790.0,3.4,Dell,16,512,Black,Amd
192,43490.0,3.0,Hp,8,512,Silver,Amd
193,78100.0,4.5,Lenovo,16,512,Gray,Intel
194,66990.0,4.1,Asus,16,512,Blue,Intel
195,93990.0,4.0,Hp,16,512,Silver,Intel
196,93990.0,5.0,Hp,16,512,Unknown,Intel
197,69990.0,3.2,Hp,16,512,Silver,Snapdragon
198,342490.0,4.6,Apple,24,2048,Silver,Unknown
199,194990.0,4.8,Apple,24,1024,Unknown,Unknown
200,89890.0,3.7,Lenovo,16,512,Gray,Intel
201,87990.0,4.7,Asus,4,512,Black,Amd
202,64390.0,3.8,Acer,16,512,Silver,Intel
203,73990.0,4.7,Apple,8,256,Silver,Unknown
204,45999.0,3.9,Lenovo,8,512,Silver,Amd
205,51790.0,3.4,Dell,16,512,Black,Amd
206,68490.0,3.9,Lenovo,16,512,Gray,Amd
207,342490.0,4.5,Apple,24,1024,Silver,Unknown
208,194990.0,4.8,Apple,24,1024,Blue,Unknown
209,43490.0,3.0,Hp,8,512,Silver,Amd
210,200490.0,4.7,Apple,16,1024,Silver,Unknown
211,73990.0,4.8,Apple,8,256,Indigo,Unknown
212,94990.0,2.0,Lenovo,16,512,Gray,Intel
213,182990.0,3.6,Hp,8,1024,Black,Intel
214,165000.0,4.3,Lenovo,8,1024,Gray,Intel
215,66990.0,4.1,Asus,16,512,Blue,Intel
216,78100.0,4.5,Lenovo,16,512,Gray,Intel
217,93990.0,4.0,Hp,16,512,Silver,Intel
218,60650.0,4.0,Asus,16,512,Black,Amd
219,59990.0,4.2,Acer,16,512,Gray,Amd
220,110990.0,,Hp,16,512,Silver,Intel
221,87900.0,4.0,Acer,6,512,Gray,Intel
222,69990.0,3.2,Hp,16,512,Silver,Snapdragon
223,342490.0,4.6,Apple,24,2048,Silver,Unknown
224,194990.0,4.8,Apple,24,1024,Unknown,Unknown
225,162990.0,3.4,Microsoft,16,512,Unknown,Snapdragon
226,61500.0,3.2,Hp,16,512,Silver,Intel
227,73990.0,4.7,Apple,8,256,Silver,Unknown
228,73990.0,4.8,Apple,8,256,Unknown,Unknown
229,119990.0,5.0,Asus,4,512,Black,Amd
230,69900.0,4.0,Hp,16,512,Gray,Intel
231,342490.0,4.5,Apple,24,1024,Silver,Unknown
232,200490.0,4.7,Apple,16,1024,Silver,Unknown
233,26000.0,,Unknown,8,256,Unknown,Unknown
234,55100.0,3.8,Hp,8,512,Silver,Intel
235,64390.0,3.8,Acer,16,512,Silver,Intel
236,68490.0,3.9,Lenovo,16,512,Gray,Amd
237,48999.0,2.9,Lenovo,8,512,Silver,Unknown
238,62500.0,1.0,Hp,16,512,Silver,Intel
239,58990.0,3.0,Asus,8,512,Silver,Intel
240,71990.0,4.1,Asus,16,512,Blue,Amd
241,255990.0,,Hp,16,1024,Unknown,Intel
242,164990.0,3.0,Hp,16,512,Silver,Intel
243,29000.0,,Unknown,8,256,Unknown,Unknown
244,170999.0,5.0,New,16,1024,Unknown,Snapdragon
245,58700.0,,Lenovo,8,512,Gray,Intel
246,26000.0,,Unknown,8,256,Unknown,Unknown
247,69990.0,3.2,Hp,16,512,Silver,Snapdragon
248,342490.0,4.6,Apple,24,2048,Silver,Unknown
249,194990.0,4.8,Apple,24,1024,Unknown,Unknown
250,164990.0,3.0,Hp,16,512,Silver,Intel
251,53999.0,3.7,Acer,16,512,Black,Amd
252,73990.0,4.7,Apple,8,256,Silver,Unknown
253,342490.0,4.5,Apple,24,1024,Silver,Unknown
254,54891.0,3.8,Dell,16,512,Blue,Intel
255,72365.0,4.0,Lenovo,16,512,Gray,Unknown
256,200490.0,4.7,Apple,16,1024,Silver,Unknown
257,64390.0,3.8,Acer,16,512,Silver,Intel
258,185490.0,3.5,Lenovo,8,1024,Black,Amd
259,58990.0,3.0,Asus,8,512,Silver,Intel
260,83490.0,4.8,Apple,8,512,Unknown,Unknown
261,84990.0,2.8,Lenovo,16,512,Gray,Intel
262,69990.0,4.4,Samsung,16,512,Silver,Intel
263,159990.0,3.6,Msi,16,512,Black,Intel
264,68480.0,3.8,Hp,16,512,Silver,Intel
265,58700.0,,Lenovo,8,512,Gray,Intel
266,57880.0,4.0,Hp,16,512,Silver,Amd
267,156555.0,4.2,Alienware,8,1024,Indigo,Intel
268,141500.0,4.4,Lenovo,32,1024,Gray,Intel
269,51990.0,3.8,Msi,16,512,Black,Intel
270,68390.0,3.6,Hp,16,512,Silver,Intel
271,175000.0,3.9,Lenovo,16,1024,Gray,Intel
272,342490.0,4.6,Apple,24,2048,Silver,Unknown
273,69990.0,3.2,Hp,16,512,Silver,Snapdragon
274,194990.0,4.8,Apple,24,1024,Unknown,Unknown
275,164990.0,3.0,Hp,16,512,Silver,Intel
276,59990.0,4.2,Acer,16,512,Gray,Amd
277,73990.0,4.7,Apple,8,256,Silver,Unknown
278,342490.0,4.5,Apple,24,1024,Silver,Unknown
279,114990.0,4.3,Hp,16,1024,Blue,Snapdragon
280,141500.0,4.4,Lenovo,32,1024,Gray,Intel
281,200490.0,4.7,Apple,16,1024,Silver,Unknown
282,83490.0,4.8,Apple,8,512,Unknown,Unknown
283,59950.0,5.0,Lenovo,8,512,Gray,Intel
284,46590.0,3.9,Acer,16,512,Gray,Amd
285,54680.0,4.2,Lenovo,8,512,Gray,Intel
286,219990.0,4.8,Lenovo,16,1024,Gray,Intel
287,52990.0,4.3,Acer,16,512,Gray,Intel
288,245000.0,,Lenovo,32,1024,Black,Intel
289,47999.0,,Hp,16,512,Silver,Amd
290,119990.0,5.0,Asus,4,512,Black,Amd
291,148000.0,4.1,Hp,8,1024,Silver,Intel
292,49560.0,3.2,Lenovo,16,512,Gray,Amd
293,,3.6,Hp,16,512,Silver,Intel
294,105540.0,3.4,Dell,6,512,Gray,Intel
295,342490.0,4.6,Apple,24,2048,Silver,Unknown
296,194990.0,4.8,Apple,24,1024,Unknown,Unknown
297,75990.0,3.6,Hp,16,512,Silver,Intel
298,,3.6,Hp,16,512,Silver,Intel
299,174990.0,3.9,Msi,16,512,Black,Intel
300,69990.0,3.2,Hp,16,512,Silver,Snapdragon
301,73990.0,4.7,Apple,8,256,Silver,Unknown
302,55990.0,4.3,Asus,8,512,Silver,Intel
303,54990.0,5.0,Asus,8,512,Silver,Amd
304,342490.0,4.5,Apple,24,1024,Silver,Unknown
305,200490.0,4.7,Apple,16,1024,Silver,Unknown
306,76890.0,3.0,Hp,24,512,Silver,Intel
307,48990.0,5.0,Acer,8,512,Unknown,Amd
308,83490.0,4.8,Apple,8,512,Unknown,Unknown
309,162990.0,3.4,Microsoft,16,512,Unknown,Snapdragon
310,63425.0,3.5,Dell,16,512,Blue,Intel
311,66949.0,3.2,Hp,16,512,Silver,Amd
312,79990.0,2.9,Msi,16,512,Gray,Amd
313,74990.0,4.7,Acer,16,512,Silver,Intel
314,58700.0,,Lenovo,8,512,Gray,Intel
315,85000.0,3.7,Hp,16,512,Silver,Intel
316,59990.0,3.9,Acer,16,512,Silver,Amd
317,58990.0,5.0,Hp,16,512,Silver,Amd
318,209780.0,5.0,Asus,32,1024,Gray,Amd
319,342490.0,4.6,Apple,24,2048,Silver,Unknown
320,194990.0,4.8,Apple,24,1024,Unknown,Unknown
321,73990.0,4.7,Apple,8,256,Silver,Unknown
322,79990.0,,Asus,16,512,Silver,Intel
323,54500.0,4.2,Hp,8,512,Gray,Intel
324,75990.0,3.6,Hp,16,512,Silver,Intel
325,342490.0,4.5,Apple,24,1024,Silver,Unknown
326,66999.0,4.2,Lenovo,16,512,Gray,Amd
327,69990.0,2.7,Hp,16,512,Silver,Intel
328,200490.0,4.7,Apple,16,1024,Silver,Unknown
329,83490.0,4.8,Apple,8,512,Unknown,Unknown
330,78000.0,,Hp,16,1024,Silver,Amd
331,58990.0,5.0,Asus,8,512,Black,Amd
332,69990.0,3.2,Hp,16,512,Silver,Snapdragon
333,69990.0,4.0,Hp,16,512,Silver,Amd
334,62850.0,4.0,Asus,16,512,Blue,Intel
335,86990.0,4.0,Lenovo,16,1024,Gray,Intel
336,158990.0,3.6,Lenovo,8,1024,Gray,Intel
337,85024.0,4.0,Hp,16,512,Silver,Intel
338,67990.0,3.9,Lenovo,16,512,Gray,Intel
339,159990.0,,Lenovo,32,1024,Unknown,Intel
340,72600.0,4.2,Lenovo,16,512,Gray,Intel
341,89900.0,3.4,Hp,16,512,Silver,Intel
342,54800.0,3.8,Hp,8,512,Silver,Intel
343,342490.0,4.6,Apple,24,2048,Silver,Unknown
344,194990.0,4.8,Apple,24,1024,Unknown,Unknown
345,73990.0,4.7,Apple,8,256,Silver,Unknown
346,54800.0,3.8,Hp,8,512,Silver,Intel
347,134990.0,5.0,Microsoft,16,256,Unknown,Snapdragon
348,69990.0,3.2,Hp,16,512,Silver,Snapdragon
349,75990.0,3.6,Hp,16,512,Silver,Intel
350,124790.0,3.7,Lenovo,16,512,Gray,Intel
351,72900.0,3.9,Hp,16,512,Silver,Amd
352,85990.0,3.3,Hp,24,1024,Silver,Intel
353,342490.0,4.5,Apple,24,1024,Silver,Unknown
354,72900.0,4.0,Lenovo,16,512,Gray,Intel
355,60990.0,,Asus,16,512,Silver,Amd
356,200490.0,4.7,Apple,16,1024,Silver,Unknown
357,83490.0,4.8,Apple,8,512,Unknown,Unknown
358,99990.0,,Lenovo,16,512,Black,Amd
359,,4.2,Lenovo,8,1024,Gray,Intel
360,94900.0,,Hp,4,512,Blue,Intel
361,86990.0,4.5,Hp,16,512,Unknown,Intel
362,103990.0,5.0,Dell,16,512,Silver,Intel
363,52680.0,3.7,Dell,8,512,Blue,Intel
364,249990.0,,Hp,32,1024,Silver,Intel
365,82990.0,3.9,Lenovo,16,1024,Gray,Unknown
366,193990.0,,Lenovo,32,1024,Gray,Intel
367,215990.0,3.6,Lenovo,8,1024,Gray,Intel
368,342490.0,4.6,Apple,24,2048,Silver,Unknown
369,194990.0,4.8,Apple,24,1024,Unknown,Unknown
370,73990.0,4.7,Apple,8,256,Silver,Unknown
371,193990.0,,Lenovo,32,1024,Gray,Intel
372,94990.0,4.0,Hp,16,512,Blue,Intel
373,342490.0,4.5,Apple,24,1024,Silver,Unknown
374,200490.0,4.7,Apple,16,1024,Silver,Unknown
375,114990.0,,Hp,6,512,Silver,Unknown
376,445000.0,3.2,Msi,64,512,Black,Intel
377,83490.0,4.8,Apple,8,512,Unknown,Unknown
378,69990.0,3.2,Hp,16,512,Silver,Snapdragon
379,174500.0,4.9,Lenovo,8,1024,Gray,Amd
380,118990.0,,Lenovo,16,512,Gray,Intel
381,431990.0,2.6,Asus,16,2048,Black,Amd
382,94990.0,5.0,Asus,16,512,Blue,Amd
383,199990.0,4.5,Lenovo,32,1024,Unknown,Intel
384,999990.0,1.0,Alienware,16,2048,Unknown,Intel
385,60999.0,3.0,Hp,16,512,Silver,Intel
386,46590.0,3.9,Acer,16,512,Gray,Amd
387,31900.0,,Unknown,8,256,Unknown,Unknown
388,38700.0,2.8,Acer,8,512,Silver,Amd
389,58990.0,,Asus,8,512,Blue,Intel
390,58990.0,3.0,Asus,8,512,Silver,Intel
391,342490.0,4.6,Apple,24,2048,Silver,Unknown
392,194990.0,4.8,Apple,24,1024,Unknown,Unknown
393,73990.0,4.7,Apple,8,256,Silver,Unknown
394,88990.0,4.0,Hp,16,512,Silver,Intel
395,186990.0,4.2,New,16,1024,Unknown,Snapdragon
396,222990.0,5.0,Apple,24,1024,Unknown,Unknown
397,73990.0,4.8,Apple,8,256,Unknown,Unknown
398,105000.0,5.0,Msi,16,512,Gray,Intel
399,19990.0,5.0,Acer,4,512,Black,Mediatek
400,69990.0,3.2,Hp,16,512,Silver,Snapdragon
401,342490.0,4.5,Apple,24,1024,Silver,Unknown
402,61490.0,5.0,Hp,16,512,Silver,Intel
403,48990.0,4.0,Lenovo,8,512,Silver,Amd
404,273490.0,5.0,Lenovo,8,1024,White,Intel
405,91990.0,5.0,Hp,16,512,Silver,Intel
406,349990.0,,Dell,64,2048,Unknown,Intel
407,50999.0,3.4,Acer,8,512,Black,Amd
408,98700.0,,Hp,6,512,Blue,Amd
409,68490.0,3.9,Lenovo,16,512,Gray,Amd
410,79932.0,,Hp,16,512,Unknown,Intel
411,44604.0,1.0,Hp,8,256,Unknown,Amd
412,58600.0,4.4,Lenovo,16,512,Gray,Intel
413,136990.0,4.4,Hp,8,1024,Black,Amd
414,342490.0,4.6,Apple,24,2048,Silver,Unknown
415,194990.0,4.8,Apple,24,1024,Unknown,Unknown
416,73990.0,4.7,Apple,8,256,Silver,Unknown
417,101990.0,,Asus,16,512,Unknown,Intel
418,91990.0,5.0,Hp,16,512,Silver,Intel
419,73990.0,4.8,Apple,8,256,Indigo,Unknown
420,69990.0,3.2,Hp,16,512,Silver,Snapdragon
421,299990.0,,Asus,32,1024,Gray,Intel
422,67000.0,4.4,Lenovo,16,512,Gray,Snapdragon
423,342490.0,4.5,Apple,24,1024,Silver,Unknown
424,200490.0,4.7,Apple,16,1024,Silver,Unknown
425,103990.0,4.5,Lenovo,16,1024,Gray,Intel
426,19990.0,5.0,Acer,4,512,Black,Mediatek
427,69999.0,4.1,Lenovo,16,1024,Gray,Intel
428,,4.1,Lenovo,16,512,Gray,Intel
429,82970.0,4.0,Lenovo,16,512,Unknown,Amd
430,87990.0,4.1,Dell,16,512,Silver,Intel
431,51990.0,3.3,Acer,16,512,Gray,Amd
432,44604.0,1.0,Hp,8,256,Unknown,Amd
433,53780.0,3.2,Hp,16,512,Silver,Amd
434,64390.0,3.8,Acer,16,512,Silver,Intel
435,56000.0,4.2,Hp,8,512,Silver,Intel
436,53990.0,2.0,Dell,8,512,Black,Unknown
437,342490.0,4.6,Apple,24,2048,Silver,Unknown
438,172490.0,4.7,Apple,16,1024,Blue,Unknown
439,73990.0,4.7,Apple,8,256,Silver,Unknown
440,51990.0,3.3,Acer,16,512,Gray,Amd
441,68990.0,3.6,Hp,16,512,Silver,Intel
442,222990.0,5.0,Apple,24,1024,Unknown,Unknown
443,73990.0,4.8,Apple,8,256,Indigo,Unknown
444,75990.0,3.6,Hp,16,512,Silver,Intel
445,,3.6,Lenovo,16,512,Gray,Intel
446,342490.0,4.5,Apple,24,1024,Silver,Unknown
447,69990.0,3.2,Hp,16,512,Silver,Snapdragon
448,67000.0,4.4,Lenovo,16,512,Gray,Snapdragon
449,64390.0,3.8,Acer,16,512,Silver,Intel
450,40999.0,,Acer,8,512,Gray,Amd
451,,4.1,Lenovo,16,512,Gray,Intel
452,47999.0,3.9,Hp,16,512,Silver,Amd
453,83400.0,4.1,Lenovo,16,512,Gray,Intel
454,79790.0,2.5,Dell,16,1024,Silver,Intel
455,65999.0,,Acer,8,512,Unknown,Intel
456,42999.0,3.1,Hp,16,256,Black,Amd
457,71990.0,4.5,Asus,16,1024,Blue,Intel
458,115990.0,3.6,Hp,16,1024,Silver,Intel
459,40990.0,5.0,Acer,16,256,Silver,Amd
460,342490.0,4.6,Apple,24,2048,Silver,Unknown
461,69990.0,3.2,Hp,16,512,Silver,Snapdragon
462,194990.0,4.8,Apple,24,1024,Unknown,Unknown
463,54990.0,,Asus,8,512,Green,Amd
464,231500.0,5.0,Lenovo,32,1024,Black,Intel
465,73990.0,4.8,Apple,8,256,Indigo,Unknown
466,73990.0,4.7,Apple,8,256,Silver,Unknown
467,513990.0,2.4,Apple,36,2048,Silver,Unknown
468,200490.0,4.7,Apple,16,1024,Silver,Unknown
469,84990.0,2.8,Lenovo,16,512,Gray,Intel
470,68490.0,3.9,Lenovo,16,512,Gray,Amd
471,69990.0,3.2,Hp,16,512,Silver,Snapdragon
472,342490.0,4.6,Apple,24,2048,Silver,Unknown
473,194990.0,4.8,Apple,24,1024,Unknown,Unknown
474,75990.0,3.6,Hp,16,512,Silver,Intel
475,73990.0,4.7,Apple,8,256,Silver,Unknown
476,73990.0,4.8,Apple,8,256,Indigo,Unknown
477,342490.0,4.5,Apple,24,1024,Silver,Unknown
478,200490.0,4.7,Apple,16,1024,Silver,Unknown
479,342490.0,4.6,Apple,24,2048,Silver,Unknown
480,194990.0,4.8,Apple,24,1024,Unknown,Unknown
481,69990.0,3.2,Hp,16,512,Silver,Snapdragon
482,75990.0,3.6,Hp,16,512,Silver,Intel
483,73990.0,4.7,Apple,8,256,Silver,Unknown
484,73990.0,4.8,Apple,8,256,Indigo,Unknown
485,342490.0,4.5,Apple,24,1024,Silver,Unknown
486,200490.0,4.7,Apple,16,1024,Silver,Unknown
487,84990.0,2.8,Lenovo,16,512,Gray,Intel
488,342490.0,4.6,Apple,24,2048,Silver,Unknown
489,172490.0,4.7,Apple,16,1024,Blue,Unknown
490,69990.0,3.2,Hp,16,512,Silver,Snapdragon
491,73990.0,4.7,Apple,8,256,Silver,Unknown
492,73990.0,4.8,Apple,8,256,Unknown,Unknown
493,342490.0,4.5,Apple,24,1024,Silver,Unknown
494,200490.0,4.7,Apple,16,1024,Silver,Unknown
495,75990.0,3.6,Hp,16,512,Silver,Intel
496,75990.0,3.6,Hp,16,512,Silver,Intel
497,69990.0,3.2,Hp,16,512,Silver,Snapdragon
498,342490.0,4.6,Apple,24,2048,Silver,Unknown
499,73990.0,4.8,Apple,8,256,Indigo,Unknown
500,75990.0,3.1,Dell,8,512,Silver,Intel
501,194990.0,4.8,Apple,24,1024,Unknown,Unknown
502,73990.0,4.7,Apple,8,256,Silver,Unknown
503,53990.0,2.0,Dell,8,512,Black,Unknown
504,513990.0,2.4,Apple,36,2048,Black,Unknown
505,75990.0,3.6,Hp,16,512,Silver,Intel
506,69990.0,3.2,Hp,16,512,Silver,Snapdragon
507,342490.0,4.6,Apple,24,2048,Silver,Unknown
508,73990.0,4.8,Apple,8,256,Indigo,Unknown
509,81490.0,5.0,Dell,16,512,Unknown,Intel
510,194990.0,4.8,Apple,24,1024,Unknown,Unknown
511,57490.0,3.9,Dell,8,512,Black,Intel
512,73990.0,4.7,Apple,8,256,Silver,Unknown
513,68490.0,3.9,Lenovo,16,512,Gray,Amd
514,69990.0,3.2,Hp,16,512,Silver,Snapdragon
515,75990.0,3.6,Hp,16,512,Silver,Intel
516,342490.0,4.6,Apple,24,2048,Silver,Unknown
517,73990.0,4.8,Apple,8,256,Indigo,Unknown
518,73490.0,2.5,Dell,8,512,Black,Intel
519,75990.0,3.1,Dell,8,512,Silver,Intel
520,81490.0,5.0,Dell,16,512,Unknown,Intel
521,513990.0,2.4,Apple,36,2048,Black,Unknown
522,73990.0,4.7,Apple,8,256,Silver,Unknown
523,69990.0,3.2,Hp,16,512,Silver,Snapdragon
524,75990.0,3.6,Hp,16,512,Silver,Intel
525,73990.0,4.8,Apple,8,256,Indigo,Unknown
526,73990.0,4.7,Apple,8,256,Silver,Unknown
527,475490.0,5.0,Apple,36,2048,Silver,Unknown
528,513990.0,2.4,Apple,36,2048,Black,Unknown
529,194990.0,4.8,Apple,24,1024,Unknown,Unknown
530,81490.0,5.0,Dell,16,512,Unknown,Intel
531,87990.0,4.1,Dell,16,512,Silver,Intel
532,69990.0,3.2,Hp,16,512,Silver,Snapdragon
533,464490.0,5.0,Apple,36,2048,Black,Unknown
534,73990.0,4.8,Apple,8,256,Indigo,Unknown
535,73990.0,4.7,Apple,8,256,Silver,Unknown
536,75990.0,3.6,Hp,16,512,Silver,Intel
537,172490.0,4.7,Apple,16,1024,Blue,Unknown
538,589990.0,4.3,Apple,48,2048,Black,Unknown
539,167490.0,5.0,Dell,16,512,Unknown,Amd
540,79990.0,4.1,Hp,16,512,Silver,Snapdragon
541,75990.0,3.6,Hp,16,512,Silver,Intel
542,342490.0,4.6,Apple,24,2048,Silver,Unknown
543,194990.0,4.8,Apple,24,1024,Unknown,Unknown
544,69990.0,3.2,Hp,16,512,Silver,Snapdragon
545,200490.0,4.7,Apple,16,1024,Unknown,Unknown
546,73990.0,4.8,Apple,8,256,Indigo,Unknown
547,73990.0,4.7,Apple,8,256,Silver,Unknown
548,589990.0,4.3,Apple,48,2048,Black,Unknown
549,81490.0,5.0,Dell,16,512,Unknown,Intel
